{"energies": [-14.0, -13.891999999999999, -13.108000000000001, -13.108000000000001, -13.108000000000001, -13.108000000000001, -13.108000000000001, -13.108000000000001, -12.891999999999999, -12.891999999999999, -12.108000000000001, -12.0, -11.0, -11.0, -11.0, -11.0, -11.0, -11.0, -11.0, -11.0, -10.891999999999999, -10.891999999999999, -10.0, -10.0, -10.0, -10.0, -10.0, -10.0, -10.0, -9.1080000000000005, -9.1080000000000005], "full_adj": true, "models": {"1": [[8, 0, 0, 2]], "2": [[8, 0, 1, 2]], "3": [[8, 1, 1, 2]], "5": [[8, 0, 1, 0]], "6": [[8, 0, 0, 3]], "7": [[8, 0, 1, 3]], "8": [[8, 0, 0, 1], [8, 0, 1, 1]], "9": [[8, 1, 0, 1], [8, 1, 1, 1]], "10": [[8, 1, 0, 2], [8, 1, 1, 0]], "11": [[8, 1, 0, 0]], "12": [[8, 1, 1, 3]]}, "occ": [34525, 13806, 454, 214, 276, 260, 298, 128, 7, 3, 5, 1, 1, 2, 1, 1, 2, 1, 2, 1, 1, 1, 1, 1, 1, 1, 2, 1, 1, 1, 1], "pols": [-1, 1, -1], "qbits": [771, 775, 783, 773, 772, 776, 770, 774, 778, 782, 779, 781, 777, 784], "qca_file": "maj-531.qca", "sol_name": "Pr-Maj-3_100us.json", "spins": [[1, 1, 1, -1, -1, -1, -1, -1, -1, -1, 1, 1, 1, 1], [1, 1, 1, -1, -1, -1, -1, -1, -1, -1, 1, -1, -1, 1], [1, 1, 1, 1, 1, 1, 1, 1, 1, 1, 1, 1, 1, 1], [1, 1, 1, -1, -1, 1, 1, 1, 1, 1, 1, 1, 1, 1], [1, 1, 1, -1, -1, -1, 1, 1, 1, 1, 1, 1, 1, 1], [1, 1, 1, -1, 1, 1, 1, 1, 1, 1, 1, 1, 1, 1], [1, 1, 1, -1, -1, -1, -1, 1, 1, 1, 1, 1, 1, 1], [1, 1, 1, -1, -1, -1, -1, -1, 1, 1, 1, 1, 1, 1], [1, 1, 1, -1, -1, -1, -1, -1, -1, -1, -1, -1, -1, 1], [1, 1, 1, -1, -1, -1, -1, -1, -1, -1, 1, 1, -1, 1], [1, 1, 1, -1, -1, -1, -1, -1, 1, -1, 1, 1, 1, 1], [1, 1, 1, -1, -1, -1, 1, 1, 1, 1, 1, 1, -1, 1], [1, 1, 1, -1, -1, -1, -1, -1, 1, 1, 1, -1, -1, 1], [1, 1, 1, -1, 1, 1, 1, 1, -1, 1, 1, 1, 1, 1], [1, 1, 1, -1, 1, 1, 1, 1, 1, 1, 1, -1, -1, 1], [1, 1, 1, 1, 1, 1, 1, 1, -1, 1, 1, 1, 1, 1], [1, 1, 1, -1, -1, -1, -1, 1, -1, 1, 1, 1, 1, 1], [1, 1, 1, -1, -1, -1, 1, 1, -1, 1, 1, 1, 1, 1], [1, 1, 1, -1, -1, -1, -1, -1, -1, -1, 1, -1, 1, 1], [1, 1, 1, -1, -1, -1, -1, -1, -1, 1, 1, 1, 1, 1], [1, 1, 1, -1, -1, -1, 1, 1, -1, 1, 1, -1, -1, 1], [1, 1, 1, -1, -1, -1, -1, 1, -1, 1, 1, -1, -1, 1], [-1, 1, 1, -1, -1, -1, -1, -1, -1, -1, 1, 1, 1, 1], [1, 1, 1, -1, -1, -1, -1, 1, 1, 1, 1, 1, 1, -1], [1, 1, 1, 1, -1, -1, -1, -1, -1, -1, 1, 1, 1, 1], [1, 1, 1, -1, -1, 1, 1, -1, -1, -1, 1, 1, 1, 1], [1, 1, 1, -1, -1, -1, -1, 1, -1, -1, 1, 1, 1, 1], [-1, -1, 1, -1, -1, -1, -1, -1, -1, -1, 1, 1, 1, 1], [1, 1, 1, 1, 1, 1, 1, -1, -1, -1, 1, 1, 1, 1], [1, -1, 1, -1, 1, 1, 1, 1, 1, 1, 1, 1, 1, 1], [1, -1, 1, 1, 1, 1, 1, 1, 1, 1, 1, 1, 1, 1]], "use_dense": false}